{"length(cm)": [2.4975500000000004, 2.4975500000000004, 7.492649999999999, 7.492649999999999, 9.990200000000002, 9.990200000000002, 12.48775, 12.48775, 14.985299999999999, 14.985299999999999, 17.48285, 17.48285, 19.980400000000003, 19.980400000000003, 22.47795, 22.47795], "Channel": ["6", "6", "6", "6", "6", "6", "6", "6", "6", "6", "6", "6", "6", "6", "6", "6"], "Name": ["Imperial-WPA", "Imperial-WPA", "Imperial-WPA", "Imperial-WPA", "Imperial-WPA", "Imperial-WPA", "Imperial-WPA", "Imperial-WPA", "Imperial-WPA", "Imperial-WPA", "Imperial-WPA", "Imperial-WPA", "Imperial-WPA", "Imperial-WPA", "Imperial-WPA", "Imperial-WPA"], "time": ["16:46:57.449807", "16:46:57.449807", "16:46:57.549989", "16:46:57.549989", "16:46:57.607374", "16:46:57.607374", "16:46:57.771189", "16:46:57.771189", "16:46:57.841033", "16:46:57.841033", "16:46:57.898870", "16:46:57.898870", "16:46:57.964064", "16:46:57.964064", "16:46:58.308144", "16:46:58.308144"], "Encryption": ["WEP", "WEP", "WEP", "WEP", "WEP", "WEP", "WEP", "WEP", "WEP", "WEP", "WEP", "WEP", "WEP", "WEP", "WEP", "WEP"], "Address": ["E0:0E:DA:89:5A:40", "00:62:EC:98:AE:80", "E0:0E:DA:89:5A:40", "00:62:EC:98:AE:80", "E0:0E:DA:89:5A:40", "00:62:EC:98:AE:80", "E0:0E:DA:89:5A:40", "00:62:EC:98:AE:80", "E0:0E:DA:89:5A:40", "00:62:EC:98:AE:80", "E0:0E:DA:89:5A:40", "00:62:EC:98:AE:80", "E0:0E:DA:89:5A:40", "00:62:EC:98:AE:80", "E0:0E:DA:89:5A:40", "00:62:EC:98:AE:80"], "Quality": [" 43 %", " 31 %", " 43 %", " 31 %", " 43 %", " 31 %", " 43 %", " 31 %", " 43 %", " 31 %", " 43 %", " 31 %", " 43 %", " 31 %", " 43 %", " 31 %"], "Signal(dBm)": [-80, -88, -80, -88, -80, -88, -80, -88, -80, -88, -80, -88, -80, -88, -80, -88]}