{"length(cm)": [2.4975500000000004, 7.492649999999999, 9.990200000000002, 12.48775, 14.985299999999999, 17.48285, 19.980400000000003, 22.47795, 27.473050000000004, 29.970599999999997, 32.46815, 34.9657, 37.46325, 39.960800000000006], "Channel": ["6", "6", "6", "6", "6", "6", "6", "6", "6", "6", "6", "6", "6", "6"], "Name": ["Imperial-WPA", "Imperial-WPA", "Imperial-WPA", "Imperial-WPA", "Imperial-WPA", "Imperial-WPA", "Imperial-WPA", "Imperial-WPA", "Imperial-WPA", "Imperial-WPA", "Imperial-WPA", "Imperial-WPA", "Imperial-WPA", "Imperial-WPA"], "time": ["16:11:00.371258", "16:11:00.521692", "16:11:00.682176", "16:11:00.766923", "16:11:00.854231", "16:11:00.912311", "16:11:01.109330", "16:11:01.205404", "16:11:01.271981", "16:11:01.404280", "16:11:01.470076", "16:11:01.536481", "16:11:01.603853", "16:11:01.791709"], "Encryption": ["WEP", "WEP", "WEP", "WEP", "WEP", "WEP", "WEP", "WEP", "WEP", "WEP", "WEP", "WEP", "WEP", "WEP"], "Address": ["E0:0E:DA:89:5A:40", "E0:0E:DA:89:5A:40", "E0:0E:DA:89:5A:40", "E0:0E:DA:89:5A:40", "E0:0E:DA:89:5A:40", "E0:0E:DA:89:5A:40", "E0:0E:DA:89:5A:40", "E0:0E:DA:89:5A:40", "E0:0E:DA:89:5A:40", "E0:0E:DA:89:5A:40", "E0:0E:DA:89:5A:40", "E0:0E:DA:89:5A:40", "E0:0E:DA:89:5A:40", "E0:0E:DA:89:5A:40"], "Quality": [" 50 %", " 50 %", " 50 %", " 50 %", " 50 %", " 50 %", " 50 %", " 50 %", " 50 %", " 50 %", " 50 %", " 50 %", " 50 %", " 50 %"], "Signal(dBm)": [-75, -75, -75, -75, -75, -75, -75, -75, -75, -75, -75, -75, -75, -75]}