{"length(cm)": [2.4975500000000004, 4.995100000000001, 7.492649999999999, 9.990200000000002, 12.48775, 14.985299999999999, 17.48285, 19.980400000000003, 22.47795, 24.9755, 27.473050000000004, 29.970599999999997], "Channel": ["6", "6", "6", "6", "6", "6", "6", "6", "6", "6", "6", "6"], "Name": ["Imperial-WPA", "Imperial-WPA", "Imperial-WPA", "Imperial-WPA", "Imperial-WPA", "Imperial-WPA", "Imperial-WPA", "Imperial-WPA", "Imperial-WPA", "Imperial-WPA", "Imperial-WPA", "Imperial-WPA"], "time": ["16:33:29.042500", "16:33:29.096383", "16:33:29.128841", "16:33:29.178910", "16:33:29.342305", "16:33:29.409986", "16:33:29.487013", "16:33:29.556376", "16:33:29.833825", "16:33:29.969837", "16:33:30.095919", "16:33:30.177460"], "Encryption": ["WEP", "WEP", "WEP", "WEP", "WEP", "WEP", "WEP", "WEP", "WEP", "WEP", "WEP", "WEP"], "Address": ["E0:0E:DA:89:5A:40", "E0:0E:DA:89:5A:40", "E0:0E:DA:89:5A:40", "E0:0E:DA:89:5A:40", "E0:0E:DA:89:5A:40", "E0:0E:DA:89:5A:40", "E0:0E:DA:89:5A:40", "E0:0E:DA:89:5A:40", "E0:0E:DA:89:5A:40", "E0:0E:DA:89:5A:40", "E0:0E:DA:89:5A:40", "E0:0E:DA:89:5A:40"], "Quality": [" 49 %", " 49 %", " 49 %", " 49 %", " 49 %", " 49 %", " 49 %", " 49 %", " 49 %", " 49 %", " 49 %", " 49 %"], "Signal(dBm)": [-76, -76, -76, -76, -76, -76, -76, -76, -76, -76, -76, -76]}