{"length(cm)": [2.4975500000000004, 2.4975500000000004, 4.995100000000001, 4.995100000000001, 7.492649999999999, 7.492649999999999, 9.990200000000002, 9.990200000000002, 7.492649999999999, 7.492649999999999, 9.990200000000002, 9.990200000000002, 14.985299999999999, 14.985299999999999, 17.48285, 17.48285], "Channel": ["6", "11", "6", "11", "6", "11", "6", "11", "6", "11", "6", "11", "6", "11", "6", "11"], "Name": ["Imperial-WPA", "Imperial-WPA", "Imperial-WPA", "Imperial-WPA", "Imperial-WPA", "Imperial-WPA", "Imperial-WPA", "Imperial-WPA", "Imperial-WPA", "Imperial-WPA", "Imperial-WPA", "Imperial-WPA", "Imperial-WPA", "Imperial-WPA", "Imperial-WPA", "Imperial-WPA"], "time": ["16:13:01.942938", "16:13:01.942938", "16:13:02.102987", "16:13:02.102987", "16:13:02.205195", "16:13:02.205195", "16:13:02.357105", "16:13:02.357105", "16:13:02.510827", "16:13:02.510827", "16:13:02.663466", "16:13:02.663466", "16:13:02.816965", "16:13:02.816965", "16:13:03.042812", "16:13:03.042812"], "Encryption": ["WEP", "WEP", "WEP", "WEP", "WEP", "WEP", "WEP", "WEP", "WEP", "WEP", "WEP", "WEP", "WEP", "WEP", "WEP", "WEP"], "Address": ["E0:0E:DA:89:5A:40", "E0:0E:DA:DA:73:20", "E0:0E:DA:89:5A:40", "E0:0E:DA:DA:73:20", "E0:0E:DA:89:5A:40", "E0:0E:DA:DA:73:20", "E0:0E:DA:89:5A:40", "E0:0E:DA:DA:73:20", "E0:0E:DA:89:5A:40", "E0:0E:DA:DA:73:20", "E0:0E:DA:89:5A:40", "E0:0E:DA:DA:73:20", "E0:0E:DA:89:5A:40", "E0:0E:DA:DA:73:20", "E0:0E:DA:89:5A:40", "E0:0E:DA:DA:73:20"], "Quality": [" 51 %", " 30 %", " 51 %", " 30 %", " 51 %", " 30 %", " 51 %", " 30 %", " 51 %", " 30 %", " 51 %", " 30 %", " 51 %", " 30 %", " 51 %", " 30 %"], "Signal(dBm)": [-74, -89, -74, -89, -74, -89, -74, -89, -74, -89, -74, -89, -74, -89, -74, -89]}