{"length(cm)": [2.4975500000000004, 4.995100000000001, 7.492649999999999, 9.990200000000002, 12.48775, 14.985299999999999, 19.980400000000003, 22.47795, 24.9755, 27.473050000000004, 29.970599999999997, 32.46815, 34.9657, 37.46325, 39.960800000000006], "Channel": ["6", "6", "6", "6", "6", "6", "6", "6", "6", "6", "6", "6", "6", "6", "6"], "Name": ["Imperial-WPA", "Imperial-WPA", "Imperial-WPA", "Imperial-WPA", "Imperial-WPA", "Imperial-WPA", "Imperial-WPA", "Imperial-WPA", "Imperial-WPA", "Imperial-WPA", "Imperial-WPA", "Imperial-WPA", "Imperial-WPA", "Imperial-WPA", "Imperial-WPA"], "time": ["16:15:43.642193", "16:15:43.709578", "16:15:43.780568", "16:15:43.813339", "16:15:44.016460", "16:15:44.094333", "16:15:45.063377", "16:15:45.227503", "16:15:45.288142", "16:15:45.330340", "16:15:45.395327", "16:15:45.598823", "16:15:45.677861", "16:15:45.803107", "16:15:45.879033"], "Encryption": ["WEP", "WEP", "WEP", "WEP", "WEP", "WEP", "WEP", "WEP", "WEP", "WEP", "WEP", "WEP", "WEP", "WEP", "WEP"], "Address": ["E0:0E:DA:89:5A:40", "E0:0E:DA:89:5A:40", "E0:0E:DA:89:5A:40", "E0:0E:DA:89:5A:40", "E0:0E:DA:89:5A:40", "E0:0E:DA:89:5A:40", "E0:0E:DA:89:5A:40", "E0:0E:DA:89:5A:40", "E0:0E:DA:89:5A:40", "E0:0E:DA:89:5A:40", "E0:0E:DA:89:5A:40", "E0:0E:DA:89:5A:40", "E0:0E:DA:89:5A:40", "E0:0E:DA:89:5A:40", "E0:0E:DA:89:5A:40"], "Quality": [" 49 %", " 49 %", " 49 %", " 49 %", " 49 %", " 49 %", " 49 %", " 49 %", " 49 %", " 49 %", " 49 %", " 49 %", " 49 %", " 49 %", " 49 %"], "Signal(dBm)": [-76, -76, -76, -76, -76, -76, -76, -76, -76, -76, -76, -76, -76, -76, -76]}